 {
  "id": "wfrp4e-warriors-of-salvation",
  "name": "wfrp4e-warriors-of-salvation",
  "title": "WFRP 4e - Warriors of Salvation",
  "description": "A module with homebrew WFRP 4e Divine Careers written by BigBoss#3259",
  "version": "1.0.4",
  "compatibility": {
    "verified": "12"
  },
  "author": "TuroTotoro",
  "authors": [
    {
      "name": "TuroTotoro",
      "discord": "turototoro#5673"
    },
    {
      "name": "BigBoss",
      "discord": "BigBoss#3259"
    }
  ],
  "packs": [
    {
      "name": "wos-actors",
      "label": "Actors (Warriors of Salvation)",
      "path": "/packs/actors.db",
      "entity": "Actor",
      "type": "Actor",
      "system": "wfrp4e"
    },
    {
      "name": "wos-items",
      "label": "Items (Warriors of Salvation)",
      "path": "/packs/items.db",
      "entity": "Item",
      "type": "Item",
      "system": "wfrp4e"
    },
    {
      "name": "wos-journals",
      "label": "Journals (Warriors of Salvation)",
      "path": "/packs/journals.db",
      "entity": "JournalEntry",
      "type": "JournalEntry"
    },
    {
      "name": "wos-rolltables",
      "label": "Roll Tables (Warriors of Salvation)",
      "path": "/packs/rolltables.db",
      "entity": "RollTable",
      "type": "RollTable"
    }
  ],
  "packFolders": [
    {
      "name": "Warriors of Salvation",
      "sorting": "a",
      "packs": ["wos-actors","wos-items","wos-journals","wos-rolltables"],
      "color":  "#b39e29"
    }
  ],
  "esmodules": [
    "./scripts/init.js"
  ],
  "url": "https://github.com/artptz/wfrp4e-divine",
  "manifest": "https://raw.githubusercontent.com/artptz/wfrp4e-divine/main/module.json",
  "download": "https://github.com/artptz/wfrp4e-divine/archive/main.zip",
  "manifestPlusVersion": "1.2.0"
}
